band,scenario,district,group,price_eok,jeonse_ratio,gross_yield,base,mortgage_avg,mortgage_upper,biz_rate,price_change,cap_channel,listing_channel,income_channel,jeonse_channel,listing_share_of_stock,latent_distress,forward_distress,biz_share_used,old_dsr_origin,old_dsr_now,old_dsr_new,recent_dsr_origin,recent_dsr_now,recent_dsr_new,recent_biz_eok,recent_mortgage_eok,regulated_payment_now_man,regulated_payment_new_man,new_buyer_binding,new_buyer_loan_eok
mild,hikes_1,강남구,강남3구,30.04,0.32,0.0176,0.0325,0.0507,0.0752,0.0752,-0.008,-0.0083,-0.0002,0.0066,-0.006,0.0002,0.0091,0.0019,0.04,0.365,0.412,0.416,0.37,0.441,0.446,5.0,6.0,2992.1,3048.5,금액한도,2.0
mild,hikes_1,서초구,강남3구,33.71,0.349,0.0192,0.0325,0.0507,0.0752,0.0752,-0.0077,-0.0077,-0.0003,0.0066,-0.0062,0.0003,0.0142,0.003,0.04,0.409,0.461,0.466,0.383,0.456,0.461,5.0,6.0,2879.5,2933.8,금액한도,2.0
mild,hikes_1,송파구,강남3구,23.52,0.402,0.0221,0.0325,0.0507,0.0752,0.0752,-0.0072,-0.0064,-0.001,0.0066,-0.0064,0.0008,0.035,0.0073,0.05,0.416,0.469,0.473,0.5,0.592,0.6,4.58,6.0,2165.4,2206.3,금액한도,4.0
mild,hikes_1,용산구,마용성,21.07,0.383,0.0211,0.0325,0.0507,0.0752,0.0752,-0.0073,-0.0074,-0.0001,0.0066,-0.0063,0.0001,0.0022,0.0004,0.06,0.217,0.245,0.247,0.32,0.374,0.379,3.48,6.0,2539.0,2586.9,금액한도,4.0
mild,hikes_1,성동구,마용성,18.49,0.452,0.0249,0.0325,0.0507,0.0752,0.0752,-0.0061,-0.0058,-0.0003,0.0066,-0.0066,0.0002,0.0079,0.0016,0.065,0.307,0.346,0.35,0.413,0.474,0.479,2.32,6.0,2294.2,2337.4,금액한도,4.0
mild,hikes_1,마포구,마용성,16.86,0.487,0.0268,0.0325,0.0507,0.0752,0.0752,-0.0057,-0.0052,-0.0004,0.0066,-0.0067,0.0003,0.0091,0.0018,0.075,0.354,0.4,0.403,0.415,0.468,0.473,1.59,6.0,1998.5,2036.2,금액한도,4.0
mild,hikes_1,서울,참고,13.59,0.54,0.0297,0.0325,0.0507,0.0752,0.0752,-0.0051,-0.0047,-0.0001,0.0066,-0.0069,0.0001,0.0026,0.0005,0.06,0.28,0.315,0.318,0.341,0.377,0.38,0.68,5.44,1828.7,1863.2,금액한도,6.0
mild,hikes_4,강남구,강남3구,30.04,0.32,0.0176,0.04,0.0571,0.0819,0.0819,-0.0242,-0.0324,-0.0003,0.0264,-0.0172,0.0003,0.0091,0.0081,0.04,0.365,0.412,0.427,0.37,0.441,0.462,5.0,6.0,2992.1,3221.7,금액한도,2.0
mild,hikes_4,서초구,강남3구,33.71,0.349,0.0192,0.04,0.0571,0.0819,0.0819,-0.0226,-0.0303,-0.0005,0.0264,-0.0175,0.0004,0.0142,0.0127,0.04,0.409,0.461,0.479,0.383,0.456,0.478,5.0,6.0,2879.5,3100.4,금액한도,2.0
mild,hikes_4,송파구,강남3구,23.52,0.402,0.0221,0.04,0.0571,0.0819,0.0819,-0.0189,-0.025,-0.0016,0.0264,-0.0181,0.0013,0.035,0.0307,0.05,0.416,0.469,0.486,0.5,0.592,0.621,4.58,6.0,2165.4,2331.5,금액한도,4.0
mild,hikes_4,용산구,마용성,21.07,0.383,0.0211,0.04,0.0571,0.0819,0.0819,-0.0215,-0.0291,-0.0001,0.0264,-0.0179,0.0001,0.0022,0.0018,0.06,0.217,0.245,0.254,0.32,0.374,0.391,3.48,6.0,2539.0,2733.8,금액한도,4.0
mild,hikes_4,성동구,마용성,18.49,0.452,0.0249,0.04,0.0571,0.0819,0.0819,-0.0161,-0.0227,-0.0005,0.0264,-0.0187,0.0004,0.0079,0.0068,0.065,0.307,0.346,0.359,0.413,0.474,0.493,2.32,6.0,2294.2,2470.2,금액한도,4.0
mild,hikes_4,마포구,마용성,16.86,0.487,0.0268,0.04,0.0571,0.0819,0.0819,-0.0143,-0.0203,-0.0006,0.0264,-0.0191,0.0005,0.0091,0.0078,0.075,0.354,0.4,0.415,0.415,0.468,0.486,1.59,6.0,1998.5,2151.8,금액한도,4.0
mild,hikes_4,서울,참고,13.59,0.54,0.0297,0.04,0.0571,0.0819,0.0819,-0.0125,-0.0184,-0.0001,0.0264,-0.0197,0.0001,0.0026,0.0021,0.06,0.28,0.315,0.327,0.341,0.377,0.39,0.68,5.44,1828.7,1969.0,금액한도,6.0
mild,mortgage_8,강남구,강남3구,30.04,0.32,0.0176,0.04,0.08,0.1048,0.1048,-0.0793,-0.0867,-0.0019,0.033,-0.0223,0.0016,0.0091,0.0899,0.04,0.365,0.412,0.517,0.37,0.441,0.568,5.0,6.0,2992.1,3886.4,금액한도,2.0
mild,mortgage_8,서초구,강남3구,33.71,0.349,0.0192,0.04,0.08,0.1048,0.1048,-0.0748,-0.0808,-0.003,0.033,-0.0227,0.0025,0.0142,0.1427,0.04,0.409,0.461,0.579,0.383,0.456,0.588,5.0,6.0,2879.5,3740.1,금액한도,2.0
mild,mortgage_8,송파구,강남3구,23.52,0.402,0.0221,0.04,0.08,0.1048,0.1048,-0.0671,-0.0688,-0.0069,0.033,-0.0235,0.0059,0.035,0.2591,0.05,0.416,0.469,0.588,0.5,0.592,0.763,4.58,6.0,2165.4,2812.6,금액한도,4.0
mild,mortgage_8,용산구,마용성,21.07,0.383,0.0211,0.04,0.08,0.1048,0.1048,-0.0687,-0.0764,-0.0006,0.033,-0.0232,0.0005,0.0022,0.0191,0.06,0.217,0.245,0.307,0.32,0.374,0.478,3.48,6.0,2539.0,3297.9,금액한도,4.0
mild,mortgage_8,성동구,마용성,18.49,0.452,0.0249,0.04,0.08,0.1048,0.1048,-0.0573,-0.0623,-0.0026,0.033,-0.0243,0.0022,0.0079,0.0759,0.065,0.307,0.346,0.435,0.413,0.474,0.6,2.32,6.0,2294.2,2979.9,금액한도,4.0
mild,mortgage_8,마포구,마용성,16.86,0.487,0.0268,0.04,0.08,0.1048,0.1048,-0.0533,-0.0569,-0.0035,0.033,-0.0248,0.003,0.0091,0.09,0.075,0.354,0.4,0.502,0.415,0.468,0.588,1.59,6.0,1998.5,2595.8,금액한도,4.0
mild,mortgage_8,서울,참고,13.59,0.54,0.0297,0.04,0.08,0.1048,0.1048,-0.0461,-0.0516,-0.0007,0.033,-0.0256,0.0006,0.0026,0.0234,0.06,0.28,0.315,0.396,0.341,0.377,0.469,0.68,5.44,1828.7,2375.2,DSR,4.93
central,hikes_1,강남구,강남3구,30.04,0.32,0.016,0.0325,0.0507,0.0752,0.0757,-0.0315,-0.023,-0.0074,0.0048,-0.006,0.0042,0.0753,0.012,0.08,0.48,0.565,0.571,0.478,0.586,0.593,8.0,6.0,2992.1,3048.5,금액한도,2.0
central,hikes_1,서초구,강남3구,33.71,0.349,0.0175,0.0325,0.0507,0.0752,0.0757,-0.0354,-0.0216,-0.0127,0.0048,-0.0062,0.0073,0.1326,0.0196,0.08,0.538,0.633,0.64,0.494,0.606,0.613,8.0,6.0,2879.5,2933.8,금액한도,2.0
central,hikes_1,송파구,강남3구,23.52,0.402,0.0201,0.0325,0.0507,0.0752,0.0757,-0.0427,-0.0175,-0.024,0.0048,-0.0064,0.0143,0.2147,0.0238,0.1,0.547,0.643,0.65,0.621,0.754,0.764,6.93,6.0,2165.4,2206.3,금액한도,4.0
central,hikes_1,용산구,마용성,21.07,0.383,0.0191,0.0325,0.0507,0.0752,0.0757,-0.0239,-0.0211,-0.0013,0.0048,-0.0063,0.0007,0.0089,0.0014,0.12,0.286,0.336,0.34,0.397,0.477,0.483,5.59,6.0,2539.0,2586.9,금액한도,4.0
central,hikes_1,성동구,마용성,18.49,0.452,0.0226,0.0325,0.0507,0.0752,0.0757,-0.0256,-0.016,-0.0079,0.0048,-0.0066,0.0045,0.0502,0.0076,0.13,0.404,0.475,0.48,0.512,0.606,0.613,4.17,6.0,2294.2,2337.4,금액한도,4.0
central,hikes_1,마포구,마용성,16.86,0.487,0.0244,0.0325,0.0507,0.0752,0.0757,-0.0282,-0.0142,-0.0123,0.0048,-0.0067,0.0071,0.0682,0.0105,0.15,0.466,0.548,0.554,0.513,0.6,0.606,3.27,6.0,1998.5,2036.2,금액한도,4.0
central,hikes_1,서울,참고,13.59,0.54,0.027,0.0325,0.0507,0.0752,0.0757,-0.017,-0.0128,-0.002,0.0048,-0.0069,0.0011,0.0137,0.0021,0.12,0.368,0.433,0.437,0.422,0.484,0.489,2.04,5.44,1828.7,1863.2,금액한도,6.0
central,hikes_4,강남구,강남3구,30.04,0.32,0.016,0.04,0.0571,0.0819,0.0821,-0.0944,-0.0862,-0.0106,0.0192,-0.0172,0.0061,0.0753,0.0515,0.08,0.48,0.565,0.589,0.478,0.586,0.615,8.0,6.0,2992.1,3221.7,금액한도,2.0
central,hikes_4,서초구,강남3구,33.71,0.349,0.0175,0.04,0.0571,0.0819,0.0821,-0.0962,-0.0812,-0.0176,0.0192,-0.0175,0.0103,0.1326,0.0818,0.08,0.538,0.633,0.66,0.494,0.606,0.636,8.0,6.0,2879.5,3100.4,금액한도,2.0
central,hikes_4,송파구,강남3구,23.52,0.402,0.0201,0.04,0.0571,0.0819,0.0821,-0.0944,-0.0666,-0.0304,0.0192,-0.0181,0.0185,0.2147,0.0928,0.1,0.547,0.643,0.671,0.621,0.754,0.791,6.93,6.0,2165.4,2331.5,금액한도,4.0
central,hikes_4,용산구,마용성,21.07,0.383,0.0191,0.04,0.0571,0.0819,0.0821,-0.0803,-0.0794,-0.0019,0.0192,-0.0179,0.0011,0.0089,0.006,0.12,0.286,0.336,0.351,0.397,0.477,0.5,5.59,6.0,2539.0,2733.8,금액한도,4.0
central,hikes_4,성동구,마용성,18.49,0.452,0.0226,0.04,0.0571,0.0819,0.0821,-0.0716,-0.0611,-0.0113,0.0192,-0.0187,0.0065,0.0502,0.0325,0.13,0.404,0.475,0.496,0.512,0.606,0.632,4.17,6.0,2294.2,2470.2,금액한도,4.0
central,hikes_4,마포구,마용성,16.86,0.487,0.0244,0.04,0.0571,0.0819,0.0821,-0.0711,-0.0543,-0.0175,0.0192,-0.0191,0.0102,0.0682,0.045,0.15,0.466,0.548,0.572,0.513,0.6,0.625,3.27,6.0,1998.5,2151.8,금액한도,4.0
central,hikes_4,서울,참고,13.59,0.54,0.027,0.04,0.0571,0.0819,0.0821,-0.053,-0.0493,-0.0029,0.0192,-0.0197,0.0016,0.0137,0.009,0.12,0.368,0.433,0.451,0.422,0.484,0.503,2.04,5.44,1828.7,1969.0,금액한도,6.0
central,mortgage_8,강남구,강남3구,30.04,0.32,0.016,0.04,0.08,0.1048,0.105,-0.2286,-0.1958,-0.042,0.024,-0.0223,0.0264,0.0753,0.4744,0.08,0.48,0.565,0.721,0.478,0.586,0.761,8.0,6.0,2992.1,3886.4,금액한도,2.0
central,mortgage_8,서초구,강남3구,33.71,0.349,0.0175,0.04,0.08,0.1048,0.105,-0.2251,-0.1846,-0.0504,0.024,-0.0227,0.0326,0.1326,0.5463,0.08,0.538,0.633,0.808,0.494,0.606,0.787,8.0,6.0,2879.5,3740.1,금액한도,2.0
central,mortgage_8,송파구,강남3구,23.52,0.402,0.0201,0.04,0.08,0.1048,0.105,-0.2085,-0.1579,-0.06,0.024,-0.0235,0.04,0.2147,0.4514,0.1,0.547,0.643,0.821,0.621,0.754,0.977,6.93,6.0,2165.4,2812.6,금액한도,4.0
central,mortgage_8,용산구,마용성,21.07,0.383,0.0191,0.04,0.08,0.1048,0.105,-0.1863,-0.1775,-0.0108,0.024,-0.0232,0.0062,0.0089,0.0774,0.12,0.286,0.336,0.429,0.397,0.477,0.615,5.59,6.0,2539.0,3297.9,금액한도,4.0
central,mortgage_8,성동구,마용성,18.49,0.452,0.0226,0.04,0.08,0.1048,0.105,-0.1824,-0.1449,-0.043,0.024,-0.0243,0.0271,0.0502,0.2973,0.13,0.404,0.475,0.607,0.512,0.606,0.775,4.17,6.0,2294.2,2979.9,금액한도,4.0
central,mortgage_8,마포구,마용성,16.86,0.487,0.0244,0.04,0.08,0.1048,0.105,-0.191,-0.1322,-0.0664,0.024,-0.0248,0.0453,0.0682,0.4346,0.15,0.466,0.548,0.7,0.513,0.6,0.763,3.27,6.0,1998.5,2595.8,금액한도,4.0
central,mortgage_8,서울,참고,13.59,0.54,0.027,0.04,0.08,0.1048,0.105,-0.1374,-0.121,-0.0166,0.024,-0.0256,0.0096,0.0137,0.1203,0.12,0.368,0.433,0.552,0.422,0.484,0.612,2.04,5.44,1828.7,2375.2,DSR,4.84
severe,hikes_1,강남구,강남3구,30.04,0.32,0.0144,0.0325,0.0507,0.0752,0.0857,-0.1715,-0.0457,-0.1291,0.003,-0.006,0.0736,0.5928,0.0203,0.16,0.568,0.733,0.741,0.561,0.761,0.771,10.0,6.0,3036.4,3104.1,금액한도,2.0
severe,hikes_1,서초구,강남3구,33.71,0.349,0.0157,0.0325,0.0507,0.0752,0.0857,-0.1569,-0.0431,-0.116,0.003,-0.0062,0.0637,0.5227,0.0085,0.16,0.636,0.821,0.83,0.58,0.787,0.797,10.0,6.0,2922.1,2987.2,금액한도,2.0
severe,hikes_1,송파구,강남3구,23.52,0.402,0.0181,0.0325,0.0507,0.0752,0.0857,-0.1288,-0.0348,-0.0944,0.003,-0.0064,0.049,0.3227,0.0037,0.2,0.647,0.834,0.844,0.753,1.015,1.028,9.29,6.0,2197.5,2246.5,금액한도,4.0
severe,hikes_1,용산구,마용성,21.07,0.383,0.0172,0.0325,0.0507,0.0752,0.0857,-0.1011,-0.0425,-0.0581,0.003,-0.0063,0.0275,0.1395,0.0135,0.24,0.338,0.436,0.441,0.482,0.64,0.648,7.7,6.0,2576.6,2634.0,금액한도,4.0
severe,hikes_1,성동구,마용성,18.49,0.452,0.0204,0.0325,0.0507,0.0752,0.0857,-0.1618,-0.0319,-0.131,0.003,-0.0066,0.0751,0.3624,0.0227,0.26,0.478,0.616,0.623,0.62,0.809,0.818,6.02,6.0,2328.1,2380.1,금액한도,4.0
severe,hikes_1,마포구,마용성,16.86,0.487,0.0219,0.0325,0.0507,0.0752,0.0857,-0.2096,-0.0281,-0.1838,0.003,-0.0067,0.1241,0.5303,0.0211,0.3,0.551,0.711,0.72,0.622,0.798,0.807,4.96,6.0,2028.1,2073.3,금액한도,4.0
severe,hikes_1,서울,참고,13.59,0.54,0.0243,0.0325,0.0507,0.0752,0.0857,-0.1092,-0.0254,-0.0823,0.003,-0.0069,0.0414,0.2071,0.0229,0.24,0.435,0.561,0.568,0.511,0.641,0.648,3.4,5.44,1855.7,1897.1,금액한도,6.0
severe,hikes_4,강남구,강남3구,30.04,0.32,0.0144,0.04,0.0571,0.0819,0.0921,-0.2791,-0.1609,-0.1362,0.012,-0.0172,0.0792,0.5928,0.0676,0.16,0.568,0.733,0.767,0.561,0.761,0.798,10.0,6.0,3036.4,3311.9,금액한도,2.0
severe,hikes_4,서초구,강남3구,33.71,0.349,0.0157,0.04,0.0571,0.0819,0.0921,-0.2579,-0.1528,-0.119,0.012,-0.0175,0.0659,0.5227,0.0268,0.16,0.636,0.821,0.859,0.58,0.787,0.825,10.0,6.0,2922.1,3187.2,금액한도,2.0
severe,hikes_4,송파구,강남3구,23.52,0.402,0.0181,0.04,0.0571,0.0819,0.0921,-0.215,-0.1259,-0.0962,0.012,-0.0181,0.0501,0.3227,0.0115,0.2,0.647,0.834,0.873,0.753,1.015,1.064,9.29,6.0,2197.5,2396.8,금액한도,4.0
severe,hikes_4,용산구,마용성,21.07,0.383,0.0172,0.04,0.0571,0.0819,0.0921,-0.2159,-0.1509,-0.0709,0.012,-0.0179,0.0347,0.1395,0.0531,0.24,0.338,0.436,0.456,0.482,0.64,0.671,7.7,6.0,2576.6,2810.3,금액한도,4.0
severe,hikes_4,성동구,마용성,18.49,0.452,0.0204,0.04,0.0571,0.0819,0.0921,-0.2515,-0.1165,-0.1469,0.012,-0.0187,0.0882,0.3624,0.0898,0.26,0.478,0.616,0.645,0.62,0.809,0.847,6.02,6.0,2328.1,2539.3,금액한도,4.0
severe,hikes_4,마포구,마용성,16.86,0.487,0.0219,0.04,0.0571,0.0819,0.0921,-0.2826,-0.1035,-0.1939,0.012,-0.0191,0.1355,0.5303,0.0721,0.3,0.551,0.711,0.744,0.622,0.798,0.835,4.96,6.0,2028.1,2212.1,금액한도,4.0
severe,hikes_4,서울,참고,13.59,0.54,0.0243,0.04,0.0571,0.0819,0.0921,-0.1938,-0.0944,-0.1026,0.012,-0.0197,0.0544,0.2071,0.0949,0.24,0.435,0.561,0.587,0.511,0.641,0.67,3.4,5.44,1855.7,2024.1,DSR,5.87
severe,mortgage_8,강남구,강남3구,30.04,0.32,0.0144,0.04,0.08,0.1048,0.115,-0.4228,-0.3166,-0.149,0.015,-0.0223,0.09,0.5928,0.1573,0.16,0.568,0.733,0.944,0.561,0.761,0.983,10.0,6.0,3036.4,4109.6,금액한도,2.0
severe,mortgage_8,서초구,강남3구,33.71,0.349,0.0157,0.04,0.08,0.1048,0.115,-0.393,-0.3018,-0.1236,0.015,-0.0227,0.0693,0.5227,0.0551,0.16,0.636,0.821,1.057,0.58,0.787,1.017,10.0,6.0,2922.1,3954.8,금액한도,2.0
severe,mortgage_8,송파구,강남3구,23.52,0.402,0.0181,0.04,0.08,0.1048,0.115,-0.3405,-0.2616,-0.0988,0.015,-0.0235,0.0518,0.3227,0.0229,0.2,0.647,0.834,1.075,0.753,1.015,1.311,9.29,6.0,2197.5,2974.1,금액한도,4.0
severe,mortgage_8,용산구,마용성,21.07,0.383,0.0172,0.04,0.08,0.1048,0.115,-0.3908,-0.2939,-0.1298,0.015,-0.0232,0.0741,0.1395,0.2723,0.24,0.338,0.436,0.562,0.482,0.64,0.826,7.7,6.0,2576.6,3487.2,금액한도,4.0
severe,mortgage_8,성동구,마용성,18.49,0.452,0.0204,0.04,0.08,0.1048,0.115,-0.4032,-0.2432,-0.2038,0.015,-0.0243,0.1475,0.3624,0.3942,0.26,0.478,0.616,0.794,0.62,0.809,1.042,6.02,6.0,2328.1,3151.0,금액한도,4.0
severe,mortgage_8,마포구,마용성,16.86,0.487,0.0219,0.04,0.08,0.1048,0.115,-0.3947,-0.2228,-0.2131,0.015,-0.0248,0.1597,0.5303,0.1794,0.3,0.551,0.711,0.916,0.622,0.798,1.028,4.96,6.0,2028.1,2744.9,금액한도,4.0
severe,mortgage_8,서울,참고,13.59,0.54,0.0243,0.04,0.08,0.1048,0.115,-0.3705,-0.2057,-0.1986,0.015,-0.0256,0.1412,0.2071,0.5773,0.24,0.435,0.561,0.723,0.511,0.641,0.824,3.4,5.44,1855.7,2511.6,DSR,4.7
